{"average_time": 1969.0109687279432, "times": [58.00246047973633, 1915.6501185894012, 3148.13680267334, 3035.6437442302704, 1171.5134313106537, 257.6405086517334, 2584.594273328781, 1958.9360268115997, 4651.619660377502, 746.9009344577789, 1293.8919143676758, 1888.5422444343567, 4074.488149166107, 1936.38294506073, 727.2051804065704, 4429.645833492279, 3369.542518377304, 1386.3220973014832, 913.4089181423187, 2252.8526158332825, 892.7991073131561, 648.5492472648621, 2374.7159101963043, 278.1434066295624, 4747.883758544922, 2055.8350813388824, 714.6543745994568, 719.6533138751984, 2459.8034920692444, 4822.4342296123505, 305.45565485954285, 1192.1796941757202, 665.9655697345734, 972.6201419830322, 1578.5202128887177, 5199.044078350067, 407.8781728744507, 2823.6035845279694, 2130.7683720588684]}